{"loss": [0.6782909522214567, 0.623039053865226, 0.5843905142272812, 0.5496366574283106, 0.515085501304592, 0.48556978264486933], "auc": [0.5578465085949926, 0.6539928616103452, 0.7146740718225686, 0.780576004023768, 0.8300998758063562, 0.8636720783006786], "valid_loss": [0.6410800218582153, 0.639964759349823, 0.6513146162033081, 0.6624290943145752, 0.6744476556777954, 0.6777588725090027], "valid_auc": [0.6283719582894456, 0.6094067901360953, 0.6056387051862164, 0.6105992460796825, 0.6082083940304152, 0.6101839402788742]}