{"loss": [0.6859083729088822, 0.6713775927180212, 0.65801323406724, 0.6431343271117589, 0.6289824019702578], "auc": [0.5259532862747263, 0.5615517957118809, 0.584301292496348, 0.6084268932653041, 0.6368730100076001], "valid_loss": [0.6758027076721191, 0.6936436891555786, 0.7341293096542358, 0.8023582100868225, 0.8481101989746094], "valid_auc": [0.5531697051325093, 0.5479135232187334, 0.5382727217336508, 0.5321104070741398, 0.5277215814056827]}